,5-10,10-20,knife,img,match,set
1,0.946511327971442,0.757623319228849,E10:E10,1,match,1
2,0.900012287851956,0.703656743684668,E10:E10,2,match,1
3,0.862352578925844,0.745394663494771,E10:E10,3,match,1
4,0.860387889986641,0.872019690196752,E10:E10,4,match,1
5,0.950786049131923,0.914726841909815,E10:E10,5,match,1
6,0.912387202188688,0.88710271327075,E10:E10,6,match,1
7,0.924063812995463,0.898320738298088,E10:E10,7,match,1
8,0.920502214164675,0.864126481844854,E10:E10,8,match,1
9,0.944138865903231,0.881954453860273,E10:E10,9,match,1
10,0.891497568047667,0.842059824691034,T10:T10,1,match,1
11,0.867600890971607,0.80374393421152,T10:T10,2,match,1
12,0.946123057356511,0.836487803134613,T10:T10,3,match,1
13,0.979853369296007,0.85622335416717,T10:T10,4,match,1
14,0.436029308699693,0.758811922989388,T10:T10,5,match,1
15,0.254314075523688,0.761936987121233,T10:T10,6,match,1
16,0.527956930469816,0.682836755854878,T10:T10,7,match,1
17,0.276676475731252,0.579472717800935,T10:T10,8,match,1
18,0.751019401521607,0.705386489407725,T10:T10,9,match,1
19,0.954259629871382,0.85730193319119,E48:E48,1,match,1
20,0.888240045639119,0.839847628702811,E48:E48,2,match,1
21,0.843777410185659,0.765431955307433,E48:E48,3,match,1
22,0.8778055208521,0.833187172367763,E48:E48,4,match,1
23,0.87871133399501,0.839314277318651,E48:E48,5,match,1
24,0.903440971074716,0.875731731948565,E48:E48,6,match,1
25,0.946603285668943,0.84429984073619,E48:E48,7,match,1
26,0.920803807105337,0.84565187278351,E48:E48,8,match,1
27,0.90706644342458,0.801686213231933,E48:E48,9,match,1
28,0.975563781785642,0.916762022434335,E39:E39,1,match,1
29,0.97997835578803,0.927400447275553,E39:E39,2,match,1
30,0.980912760426178,0.927068328952202,E39:E39,3,match,1
31,0.953860417217733,0.915340765618011,E39:E39,4,match,1
32,0.94234577025177,0.831943716641813,E39:E39,5,match,1
33,0.916694790277345,0.812276053828144,E39:E39,6,match,1
34,0.887832726397383,0.750653600525441,E39:E39,7,match,1
35,0.846405581715739,0.697498559099379,E39:E39,8,match,1
36,0.872990205428011,0.702748161704715,E39:E39,9,match,1
37,0.981085969687755,0.910589940233469,E36:E36,1,match,1
38,0.992947817620708,0.948721899017605,E36:E36,2,match,1
39,0.926724689901362,0.821886242019482,E36:E36,3,match,1
40,0.885438682203606,0.799830992939026,E36:E36,4,match,1
41,0.770380977782004,0.831782466466534,E36:E36,5,match,1
42,0.980369412003504,0.932949369430184,E36:E36,6,match,1
43,0.967301470842109,0.917663363256545,E36:E36,7,match,1
44,0.976795102460074,0.912164180136762,E36:E36,8,match,1
45,0.9657263919934,0.867175494297368,E36:E36,9,match,1
46,0.800584201562437,0.743768416799638,E34:E34,1,match,1
47,0.793388255202111,0.830107681134934,E34:E34,2,match,1
48,0.772874954082366,0.765388909345788,E34:E34,3,match,1
49,0.849597234230296,0.829887612026725,E34:E34,4,match,1
50,0.875829458612031,0.764202526601471,E34:E34,5,match,1
51,0.92488714080534,0.780991498437465,E34:E34,6,match,1
52,0.922535062567375,0.78953464997471,E34:E34,7,match,1
53,0.739814359077929,0.7270993433872,E34:E34,8,match,1
54,0.881770114230746,0.67888373566834,E34:E34,9,match,1
55,0.857852545986696,0.780027202041656,E28:E28,1,match,1
56,0.755470720684159,0.779451902727947,E28:E28,2,match,1
57,0.860055468381706,0.853140957957286,E28:E28,3,match,1
58,0.938318553053214,0.823248841443236,E28:E28,4,match,1
59,0.938774912513217,0.775940623467939,E28:E28,5,match,1
60,0.894854856187484,0.865178964572937,E28:E28,6,match,1
61,0.92835332693477,0.754723904540783,E28:E28,7,match,1
62,0.947535632471361,0.812310099342372,E28:E28,8,match,1
63,0.94635878451599,0.818606908685366,E28:E28,9,match,1
64,0.950297123310155,0.877406067626044,E27:E27,1,match,1
65,0.974730828108769,0.875944376461551,E27:E27,2,match,1
66,0.975725223279873,0.907479901103858,E27:E27,3,match,1
67,0.943878047146437,0.891974738571763,E27:E27,4,match,1
68,0.943820160303722,0.906158988959924,E27:E27,5,match,1
69,0.933713146859483,0.922272217052253,E27:E27,6,match,1
70,0.971878239159668,0.904734259260673,E27:E27,7,match,1
71,0.983884185310981,0.881663136319822,E27:E27,8,match,1
72,0.980089308477574,0.828379697592195,E27:E27,9,match,1
73,0.911980163323368,0.722313073496888,E24:E24,1,match,1
74,0.953269600443672,0.751892576787643,E24:E24,2,match,1
75,0.957156188030179,0.665876246202291,E24:E24,3,match,1
76,0.948112905026972,0.720551258652185,E24:E24,4,match,1
77,0.955046434256256,0.600532575386519,E24:E24,5,match,1
78,0.936809722559716,0.713488852888392,E24:E24,6,match,1
79,0.935168798705027,0.72849187804315,E24:E24,7,match,1
80,0.883338970533656,0.680029524732884,E24:E24,8,match,1
81,0.876845275919764,0.693995958800242,E24:E24,9,match,1
82,-0.008894126684236,0.108428319299195,E10:T10,1,nonmatch,1
83,-0.044641881492166,0.107796649706401,E10:T10,2,nonmatch,1
84,0.291985851975467,0.114133262647259,E10:T10,3,nonmatch,1
85,0.222515664039466,0.198320531572715,E10:T10,4,nonmatch,1
86,-0.041371812029653,0.071695372755177,E10:T10,5,nonmatch,1
87,-0.188635460285542,0.253624815977913,E10:T10,6,nonmatch,1
88,-0.145412582124348,0.337301395511494,E10:T10,7,nonmatch,1
89,0.00136124777454,0.455500474851351,E10:T10,8,nonmatch,1
90,-0.064846973641895,0.264873073500665,E10:T10,9,nonmatch,1
91,0.122061048689569,0.151113831047768,E10:E48,1,nonmatch,1
92,0.021812645032066,0.166841381365365,E10:E48,2,nonmatch,1
93,0.063248774643808,0.171409375675924,E10:E48,3,nonmatch,1
94,-0.096204641531401,0.035688324149143,E10:E48,4,nonmatch,1
95,0.126589700141994,0.148318588997848,E10:E48,5,nonmatch,1
96,-0.087413967382932,0.403793582581794,E10:E48,6,nonmatch,1
97,0.079323981667359,0.429226899484727,E10:E48,7,nonmatch,1
98,0.349055857156367,0.208314592499927,E10:E48,8,nonmatch,1
99,0.095035312571569,0.128894165843856,E10:E48,9,nonmatch,1
100,0.483240124334653,0.184630371536458,E10:E39,1,nonmatch,1
101,0.434155410949572,0.16222651734931,E10:E39,2,nonmatch,1
102,0.167774410594308,0.306530178839063,E10:E39,3,nonmatch,1
103,-0.016643013645673,0.233844491512036,E10:E39,4,nonmatch,1
104,0.097413674755062,0.047749128211447,E10:E39,5,nonmatch,1
105,-0.079160685934959,0.090752343374981,E10:E39,6,nonmatch,1
106,0.147429487956605,0.148888364577765,E10:E39,7,nonmatch,1
107,0.271152698108589,0.128598274460311,E10:E39,8,nonmatch,1
108,0.214796393985114,0.212448214906714,E10:E39,9,nonmatch,1
109,0.347672377587852,0.238575450316628,E10:E36,1,nonmatch,1
110,0.262920306468995,0.235159302053549,E10:E36,2,nonmatch,1
111,0.100071796061923,0.280698622795276,E10:E36,3,nonmatch,1
112,-0.125207190010434,0.184430499622714,E10:E36,4,nonmatch,1
113,0.082082844192505,0.088017641040226,E10:E36,5,nonmatch,1
114,0.083891465644825,0.099754881905184,E10:E36,6,nonmatch,1
115,0.026234148616419,0.001166365680568,E10:E36,7,nonmatch,1
116,0.248471560280695,0.032377700117019,E10:E36,8,nonmatch,1
117,0.347390916026443,0.119990229708839,E10:E36,9,nonmatch,1
118,0.186988660116085,0.216202108226201,E10:E34,1,nonmatch,1
119,0.046202641868209,0.300707550273452,E10:E34,2,nonmatch,1
120,0.063107442729167,0.184389171515708,E10:E34,3,nonmatch,1
121,-0.016163679737139,0.149026791625739,E10:E34,4,nonmatch,1
122,0.01540858021597,0.26606167440862,E10:E34,5,nonmatch,1
123,-0.232625080441611,0.245327469931002,E10:E34,6,nonmatch,1
124,-0.134876229290575,0.270471671968302,E10:E34,7,nonmatch,1
125,-0.014217214705732,0.117075455691001,E10:E34,8,nonmatch,1
126,0.274415105100012,0.255359012801448,E10:E34,9,nonmatch,1
127,-0.138366564467451,0.328494569890194,E10:E28,1,nonmatch,1
128,0.195549303439069,0.003350230944054,E10:E28,2,nonmatch,1
129,0.253338894121771,0.251051252000175,E10:E28,3,nonmatch,1
130,0.493306986346825,0.227662568594208,E10:E28,4,nonmatch,1
131,0.314934557035574,0.388713320150819,E10:E28,5,nonmatch,1
132,-0.097126495596939,0.150273073714602,E10:E28,6,nonmatch,1
133,0.0620244522952,0.244986938636632,E10:E28,7,nonmatch,1
134,0.039776630981678,0.254457387492887,E10:E28,8,nonmatch,1
135,0.269183490027869,0.20214222903033,E10:E28,9,nonmatch,1
136,0.126556186859362,0.217302128557563,E10:E27,1,nonmatch,1
137,-0.045036246820308,0.165461953133798,E10:E27,2,nonmatch,1
138,0.219436721061753,0.146434911334316,E10:E27,3,nonmatch,1
139,-0.047512756394259,0.141794271062114,E10:E27,4,nonmatch,1
140,-0.145610127363728,0.084426166547593,E10:E27,5,nonmatch,1
141,0.031376737271009,0.204674384803591,E10:E27,6,nonmatch,1
142,0.144451999692502,0.129362190753419,E10:E27,7,nonmatch,1
143,0.28315024098813,0.258837747863199,E10:E27,8,nonmatch,1
144,0.38860307302845,0.374293864928179,E10:E27,9,nonmatch,1
145,-0.001329476745098,0.066961867325102,E10:E24,1,nonmatch,1
146,0.203581485007185,0.01184492814881,E10:E24,2,nonmatch,1
147,0.47027303977072,0.101750104915762,E10:E24,3,nonmatch,1
148,0.418196796760383,0.138268196307535,E10:E24,4,nonmatch,1
149,0.313252238216187,0.254446405595205,E10:E24,5,nonmatch,1
150,-0.132134858971508,0.015371992671506,E10:E24,6,nonmatch,1
151,-0.016900894992989,0.001390751470069,E10:E24,7,nonmatch,1
152,-0.066692733170487,0.104695971113695,E10:E24,8,nonmatch,1
153,0.204726199071489,0.045136430519599,E10:E24,9,nonmatch,1
154,-0.154341038738046,0.17477608294431,T10:E10,1,nonmatch,1
155,-0.00655894877015,0.089752579853568,T10:E10,2,nonmatch,1
156,0.21567753740871,0.135237031241632,T10:E10,3,nonmatch,1
157,0.118547098205831,0.229977766367577,T10:E10,4,nonmatch,1
158,-0.074547224677361,0.093568998437591,T10:E10,5,nonmatch,1
159,-0.081974491696331,0.292854415190197,T10:E10,6,nonmatch,1
160,-0.091933146715169,0.218849427780063,T10:E10,7,nonmatch,1
161,0.074935874233303,0.319651302841974,T10:E10,8,nonmatch,1
162,0.035571748224238,0.253253626769711,T10:E10,9,nonmatch,1
163,-0.293643222641928,0.202451272225067,T10:E48,1,nonmatch,1
164,0.013258855769505,0.290919042043211,T10:E48,2,nonmatch,1
165,0.29267256391303,0.430890576683793,T10:E48,3,nonmatch,1
166,0.325881007158114,0.320429052074048,T10:E48,4,nonmatch,1
167,0.419986225404273,0.170115770922853,T10:E48,5,nonmatch,1
168,0.266014234117779,0.198420249510373,T10:E48,6,nonmatch,1
169,0.062928098276559,0.125358069075975,T10:E48,7,nonmatch,1
170,-0.153116474996206,0.087836482716633,T10:E48,8,nonmatch,1
171,-0.009054174941933,0.072150638982084,T10:E48,9,nonmatch,1
172,-0.272449740402128,0.275007374901228,T10:E39,1,nonmatch,1
173,-0.11512001132359,0.187861212688558,T10:E39,2,nonmatch,1
174,-0.028015032518066,0.113305587622611,T10:E39,3,nonmatch,1
175,0.141973763221423,0.257779978389304,T10:E39,4,nonmatch,1
176,-0.128129172716722,0.249726923468565,T10:E39,5,nonmatch,1
177,-0.006116244744471,0.16059046866853,T10:E39,6,nonmatch,1
178,0.10971079548565,0.185574586496979,T10:E39,7,nonmatch,1
179,0.230070369525969,0.216828519541486,T10:E39,8,nonmatch,1
180,0.226244086419184,0.336834851944196,T10:E39,9,nonmatch,1
181,-0.272771492838195,0.105811163866276,T10:E36,1,nonmatch,1
182,-0.077968419770174,0.266009368076665,T10:E36,2,nonmatch,1
183,0.034791702956483,0.158151556310326,T10:E36,3,nonmatch,1
184,0.231119718376619,0.168867449312299,T10:E36,4,nonmatch,1
185,0.430888740336068,0.184571284827856,T10:E36,5,nonmatch,1
186,-0.19463608537807,0.210297731410696,T10:E36,6,nonmatch,1
187,0.237796174092408,0.230421691706876,T10:E36,7,nonmatch,1
188,0.142276363593294,0.236122537728012,T10:E36,8,nonmatch,1
189,0.129655139442898,0.236352131185276,T10:E36,9,nonmatch,1
190,0.087692189071905,0.199784611718519,T10:E34,1,nonmatch,1
191,-0.000603009176931,0.270519507288558,T10:E34,2,nonmatch,1
192,0.349228986569588,0.308668771081079,T10:E34,3,nonmatch,1
193,0.375208623424027,0.245152206628818,T10:E34,4,nonmatch,1
194,0.455960108024894,0.350666902221618,T10:E34,5,nonmatch,1
195,0.584543414661366,0.236645798054828,T10:E34,6,nonmatch,1
196,0.543551973040864,0.25669403406817,T10:E34,7,nonmatch,1
197,0.078244458655935,0.283664251299125,T10:E34,8,nonmatch,1
198,0.720111808998944,0.371314259825881,T10:E34,9,nonmatch,1
199,0.050430042523501,0.208228672789128,T10:E28,1,nonmatch,1
200,-0.049931973565994,0.366892499133193,T10:E28,2,nonmatch,1
201,0.251774212923861,0.200634052944784,T10:E28,3,nonmatch,1
202,0.199950439431236,0.1271159205887,T10:E28,4,nonmatch,1
203,0.237340169598647,0.195568182652881,T10:E28,5,nonmatch,1
204,0.229147616814128,0.233027199483353,T10:E28,6,nonmatch,1
205,0.129083107334714,0.263049731112481,T10:E28,7,nonmatch,1
206,0.087685714566897,0.140842198473825,T10:E28,8,nonmatch,1
207,0.289393421889741,0.183658328514002,T10:E28,9,nonmatch,1
208,0.094959250740994,0.175457361546948,T10:E27,1,nonmatch,1
209,0.056629464073586,0.311955584994706,T10:E27,2,nonmatch,1
210,0.125180606733591,0.327094302053622,T10:E27,3,nonmatch,1
211,0.437242896222334,0.063490365211991,T10:E27,4,nonmatch,1
212,0.226706838027674,0.391657562975824,T10:E27,5,nonmatch,1
213,0.293593627587644,0.505834555030784,T10:E27,6,nonmatch,1
214,0.395448023804554,0.357607138406946,T10:E27,7,nonmatch,1
215,0.341654352505484,0.385341512090398,T10:E27,8,nonmatch,1
216,0.583917842101084,0.423031051448036,T10:E27,9,nonmatch,1
217,0.142580851301133,0.247486855438537,T10:E24,1,nonmatch,1
218,0.30095874082101,0.083111913749052,T10:E24,2,nonmatch,1
219,0.189477288649493,0.063712801839533,T10:E24,3,nonmatch,1
220,0.30456542813804,0.235172835775246,T10:E24,4,nonmatch,1
221,0.114831112958765,0.198071960467855,T10:E24,5,nonmatch,1
222,0.372846332302787,0.115192467650589,T10:E24,6,nonmatch,1
223,0.246101025784492,0.217663934340799,T10:E24,7,nonmatch,1
224,-0.128289752688523,0.149010839712471,T10:E24,8,nonmatch,1
225,0.101293896086682,0.139569701275509,T10:E24,9,nonmatch,1
226,0.021425811079904,0.20638113666216,E48:E10,1,nonmatch,1
227,-0.220783432581829,0.206396003063325,E48:E10,2,nonmatch,1
228,-0.008453189705973,0.159027865072763,E48:E10,3,nonmatch,1
229,-0.203053854148658,0.035456138395473,E48:E10,4,nonmatch,1
230,0.299913371089191,0.101928898371323,E48:E10,5,nonmatch,1
231,-0.050961613360646,0.402827165917309,E48:E10,6,nonmatch,1
232,0.019504530480346,0.331711284162271,E48:E10,7,nonmatch,1
233,0.254554210162003,0.138839150294274,E48:E10,8,nonmatch,1
234,0.092175779427333,0.224091894025969,E48:E10,9,nonmatch,1
235,-0.205593275456944,0.260185450164943,E48:T10,1,nonmatch,1
236,0.097347593934922,0.327860530703527,E48:T10,2,nonmatch,1
237,0.216806480664516,0.321818408747412,E48:T10,3,nonmatch,1
238,0.305289378434298,0.333849439928134,E48:T10,4,nonmatch,1
239,0.2114828682367,0.36797461398117,E48:T10,5,nonmatch,1
240,0.038478335440867,0.312405276067074,E48:T10,6,nonmatch,1
241,0.131533650004387,0.27039498989209,E48:T10,7,nonmatch,1
242,0.143310383321462,0.15216382738802,E48:T10,8,nonmatch,1
243,0.108649461817218,0.091769650892606,E48:T10,9,nonmatch,1
244,0.251679203655588,0.108339793497276,E48:E39,1,nonmatch,1
245,0.260657911640255,0.190575693351471,E48:E39,2,nonmatch,1
246,0.290059153739297,0.112999049809808,E48:E39,3,nonmatch,1
247,0.223944237242673,0.176079268738697,E48:E39,4,nonmatch,1
248,0.342882442821994,0.214992736484992,E48:E39,5,nonmatch,1
249,0.194553061946239,0.200551695886637,E48:E39,6,nonmatch,1
250,0.000281052490765,0.280818537326261,E48:E39,7,nonmatch,1
251,-0.217817801788952,0.154470370833849,E48:E39,8,nonmatch,1
252,-0.162891518070114,0.130214353749378,E48:E39,9,nonmatch,1
253,0.376608522031241,0.145351491948611,E48:E36,1,nonmatch,1
254,0.518286946641104,0.031093226119297,E48:E36,2,nonmatch,1
255,0.528079068776059,0.161656404631599,E48:E36,3,nonmatch,1
256,0.415602874680683,0.172045606625478,E48:E36,4,nonmatch,1
257,0.46861385594653,0.069989661008203,E48:E36,5,nonmatch,1
258,0.059270271859604,0.021209793946281,E48:E36,6,nonmatch,1
259,0.10989412774873,-0.005070694984795,E48:E36,7,nonmatch,1
260,0.275803992995149,0.035386611441018,E48:E36,8,nonmatch,1
261,0.31972962440859,0.072516139571295,E48:E36,9,nonmatch,1
262,0.353044108185041,0.2266089388839,E48:E34,1,nonmatch,1
263,0.248349709552396,0.299782429471722,E48:E34,2,nonmatch,1
264,0.281147703966606,0.321836200006426,E48:E34,3,nonmatch,1
265,0.335606592244177,0.293253815355226,E48:E34,4,nonmatch,1
266,0.06402925458876,0.281126463666271,E48:E34,5,nonmatch,1
267,0.101664348449075,0.261752464079148,E48:E34,6,nonmatch,1
268,-0.081568811181466,0.269386300975695,E48:E34,7,nonmatch,1
269,0.214315307215227,0.229103665263196,E48:E34,8,nonmatch,1
270,-0.106732943127274,0.02726049612362,E48:E34,9,nonmatch,1
271,-0.002722074167006,0.116343478250315,E48:E28,1,nonmatch,1
272,-0.335027524145821,0.161743367308153,E48:E28,2,nonmatch,1
273,-0.223378617337078,0.166398895183034,E48:E28,3,nonmatch,1
274,0.0701488433862,0.132163591652533,E48:E28,4,nonmatch,1
275,0.137863492179649,0.210151497403801,E48:E28,5,nonmatch,1
276,0.572398674188852,0.12456317425712,E48:E28,6,nonmatch,1
277,0.708718520454872,0.146291515561369,E48:E28,7,nonmatch,1
278,0.533325075519366,-0.02560926474522,E48:E28,8,nonmatch,1
279,0.116719217142754,0.207765360648932,E48:E28,9,nonmatch,1
280,0.264302778314131,0.382686818916041,E48:E27,1,nonmatch,1
281,0.542489631658808,0.298978243119878,E48:E27,2,nonmatch,1
282,0.456388742873701,0.367488944601369,E48:E27,3,nonmatch,1
283,0.294308343913218,0.378415607568061,E48:E27,4,nonmatch,1
284,0.042705227158466,0.454343361329413,E48:E27,5,nonmatch,1
285,-0.137637344987961,0.214472874281435,E48:E27,6,nonmatch,1
286,-0.025057210822047,0.061313472217426,E48:E27,7,nonmatch,1
287,-0.005290117212018,-0.0185169042944,E48:E27,8,nonmatch,1
288,-0.153922968535876,0.05844071386433,E48:E27,9,nonmatch,1
289,0.181764457505898,0.267796363523754,E48:E24,1,nonmatch,1
290,0.30152334422149,0.203645244068435,E48:E24,2,nonmatch,1
291,0.075103195966675,0.112537644832974,E48:E24,3,nonmatch,1
292,0.077189319828361,0.212688449459823,E48:E24,4,nonmatch,1
293,0.22928589817485,0.154559469860522,E48:E24,5,nonmatch,1
294,0.402883943657063,0.031893792400916,E48:E24,6,nonmatch,1
295,0.351241105762309,0.193438456481543,E48:E24,7,nonmatch,1
296,-0.039614603704069,0.055317321631677,E48:E24,8,nonmatch,1
297,0.260093114219946,0.067210561632359,E48:E24,9,nonmatch,1
298,0.500096029251862,0.142723718150908,E39:E10,1,nonmatch,1
299,0.371751364062468,0.195082670870806,E39:E10,2,nonmatch,1
300,0.149975807672373,0.215424190367387,E39:E10,3,nonmatch,1
301,-0.13022087360677,0.269741980096526,E39:E10,4,nonmatch,1
302,0.005726624717014,0.033264454968748,E39:E10,5,nonmatch,1
303,-0.076461603079965,0.015430304590997,E39:E10,6,nonmatch,1
304,0.208240797392402,0.151746850075194,E39:E10,7,nonmatch,1
305,0.205658216680849,0.03538526310106,E39:E10,8,nonmatch,1
306,0.194160218658982,0.127215810448926,E39:E10,9,nonmatch,1
307,-0.289840164456135,0.426067311763359,E39:T10,1,nonmatch,1
308,-0.262503180169506,0.235131700305678,E39:T10,2,nonmatch,1
309,0.053585695432456,0.172644163859698,E39:T10,3,nonmatch,1
310,0.183699622493334,0.348357766818649,E39:T10,4,nonmatch,1
311,0.180895147929736,0.262605910952033,E39:T10,5,nonmatch,1
312,0.073304256388114,0.101685408736856,E39:T10,6,nonmatch,1
313,0.087716921456843,0.151005678433866,E39:T10,7,nonmatch,1
314,-0.083753268260097,0.100068402305041,E39:T10,8,nonmatch,1
315,-0.25756358416541,0.180475479769548,E39:T10,9,nonmatch,1
316,0.297761236962976,0.064061171615801,E39:E48,1,nonmatch,1
317,0.273297630717846,0.154149169559762,E39:E48,2,nonmatch,1
318,0.256339585450804,0.124166293771909,E39:E48,3,nonmatch,1
319,0.359393681140773,0.213525365205007,E39:E48,4,nonmatch,1
320,0.413495377217609,0.189345714635233,E39:E48,5,nonmatch,1
321,-0.047859368475955,0.166107278871039,E39:E48,6,nonmatch,1
322,0.166255323300976,0.31300551132903,E39:E48,7,nonmatch,1
323,-0.228819131324585,0.140804737169389,E39:E48,8,nonmatch,1
324,-0.125191062396884,0.159800217408756,E39:E48,9,nonmatch,1
325,0.501162615310999,0.124116773907884,E39:E36,1,nonmatch,1
326,0.48624491040656,0.243042590126338,E39:E36,2,nonmatch,1
327,0.571111876323132,0.294812206986735,E39:E36,3,nonmatch,1
328,0.689305812948541,0.530328371831683,E39:E36,4,nonmatch,1
329,0.463800348014761,0.216591305281675,E39:E36,5,nonmatch,1
330,0.256759802002653,0.306618490356106,E39:E36,6,nonmatch,1
331,0.585174057427571,0.299161450680733,E39:E36,7,nonmatch,1
332,0.473480918146148,0.338893300111741,E39:E36,8,nonmatch,1
333,0.347760270799097,0.457372612072133,E39:E36,9,nonmatch,1
334,0.268402265074151,0.26009451975248,E39:E34,1,nonmatch,1
335,0.047635521356765,0.185539677893078,E39:E34,2,nonmatch,1
336,0.174372490947917,0.245131571074996,E39:E34,3,nonmatch,1
337,0.311860457738706,0.221503860230929,E39:E34,4,nonmatch,1
338,0.175183255559785,0.270994010200301,E39:E34,5,nonmatch,1
339,0.272460261703821,0.420441335197515,E39:E34,6,nonmatch,1
340,0.244300872158106,0.252545295138046,E39:E34,7,nonmatch,1
341,-0.188728677621503,0.155301254139982,E39:E34,8,nonmatch,1
342,0.113123841196007,0.162604946310219,E39:E34,9,nonmatch,1
343,0.020734609505298,0.158637049277207,E39:E28,1,nonmatch,1
344,0.024846302909147,0.225949164188166,E39:E28,2,nonmatch,1
345,0.135381607288916,0.336169487107125,E39:E28,3,nonmatch,1
346,0.034943794309201,0.351919246877035,E39:E28,4,nonmatch,1
347,0.067902874806088,0.218476669535118,E39:E28,5,nonmatch,1
348,0.36208831083228,0.42615317825223,E39:E28,6,nonmatch,1
349,0.150543059168802,0.245406665537636,E39:E28,7,nonmatch,1
350,-0.212111384743835,0.077371765252751,E39:E28,8,nonmatch,1
351,0.132450369499011,0.026228033787503,E39:E28,9,nonmatch,1
352,0.109821506651928,0.20494775486454,E39:E27,1,nonmatch,1
353,0.327615440065135,0.146945007146825,E39:E27,2,nonmatch,1
354,0.191277445159798,0.192312075507019,E39:E27,3,nonmatch,1
355,0.510037920024605,0.231179102479961,E39:E27,4,nonmatch,1
356,0.291621793280964,0.325640658047211,E39:E27,5,nonmatch,1
357,0.194044110328628,0.20665413094433,E39:E27,6,nonmatch,1
358,0.370555866229443,0.126131342175819,E39:E27,7,nonmatch,1
359,0.144314904670528,0.041418043644553,E39:E27,8,nonmatch,1
360,0.29458884767817,0.182178681964606,E39:E27,9,nonmatch,1
361,-0.059619207974125,0.235983978084157,E39:E24,1,nonmatch,1
362,0.170034247347538,0.124381625606809,E39:E24,2,nonmatch,1
363,-0.072112471020629,0.032481535985981,E39:E24,3,nonmatch,1
364,0.095735116281786,0.132670053658811,E39:E24,4,nonmatch,1
365,-0.056943649541056,0.004171405005711,E39:E24,5,nonmatch,1
366,0.188731274868448,0.38315776336525,E39:E24,6,nonmatch,1
367,0.268864830024008,0.364983851866036,E39:E24,7,nonmatch,1
368,0.330488098117826,0.419224377283446,E39:E24,8,nonmatch,1
369,0.550297474786045,0.470516850389034,E39:E24,9,nonmatch,1
370,0.292061924410204,0.245432118438527,E36:E10,1,nonmatch,1
371,0.218844014982726,0.264883783966515,E36:E10,2,nonmatch,1
372,0.15789429922685,0.226140332832125,E36:E10,3,nonmatch,1
373,-0.112321961082776,0.177289472612024,E36:E10,4,nonmatch,1
374,-0.023689351510208,0.02903191222611,E36:E10,5,nonmatch,1
375,0.06980285865938,0.023484430950877,E36:E10,6,nonmatch,1
376,-0.03389614285281,-0.025885423490878,E36:E10,7,nonmatch,1
377,0.175214874875504,0.054654181608973,E36:E10,8,nonmatch,1
378,0.204147728452509,0.05137857437364,E36:E10,9,nonmatch,1
379,-0.263090792558523,0.091965626931663,E36:T10,1,nonmatch,1
380,-0.148280126042976,0.225955554402363,E36:T10,2,nonmatch,1
381,-0.099174136270944,0.178305928487599,E36:T10,3,nonmatch,1
382,0.183154843915343,0.173918874786723,E36:T10,4,nonmatch,1
383,0.257070546938065,0.231715502539839,E36:T10,5,nonmatch,1
384,0.262259238150378,0.158323160099858,E36:T10,6,nonmatch,1
385,0.357192757719713,0.058544182192653,E36:T10,7,nonmatch,1
386,0.258834895773082,0.205251609258349,E36:T10,8,nonmatch,1
387,-0.01866013370896,0.09075672905377,E36:T10,9,nonmatch,1
388,0.282604637764518,0.149884668947944,E36:E48,1,nonmatch,1
389,0.487324657579674,0.039352949708781,E36:E48,2,nonmatch,1
390,0.443758371035426,0.225307370288678,E36:E48,3,nonmatch,1
391,0.380310519779195,0.173112072824949,E36:E48,4,nonmatch,1
392,0.296675686483922,0.164141788473972,E36:E48,5,nonmatch,1
393,0.115261853437524,0.005123086369494,E36:E48,6,nonmatch,1
394,0.177375320004812,-0.012815335774901,E36:E48,7,nonmatch,1
395,0.334650976096188,0.074200844802846,E36:E48,8,nonmatch,1
396,0.330005608020711,0.146210314160665,E36:E48,9,nonmatch,1
397,0.617885700891922,0.102473677637325,E36:E39,1,nonmatch,1
398,0.515571966277274,0.25832241521091,E36:E39,2,nonmatch,1
399,0.479632580572022,0.292644729148294,E36:E39,3,nonmatch,1
400,0.592294830176801,0.415060940424688,E36:E39,4,nonmatch,1
401,0.3098216404671,0.189325973180542,E36:E39,5,nonmatch,1
402,0.17711775958365,0.222657939620567,E36:E39,6,nonmatch,1
403,0.630069290058945,0.212260838055475,E36:E39,7,nonmatch,1
404,0.542537715822724,0.324311041278857,E36:E39,8,nonmatch,1
405,0.257575875715463,0.484348420004506,E36:E39,9,nonmatch,1
406,0.425443209682729,0.414371037077426,E36:E34,1,nonmatch,1
407,0.409777538615716,0.204725780031131,E36:E34,2,nonmatch,1
408,0.136348295319368,0.18084589995436,E36:E34,3,nonmatch,1
409,0.243151442647107,0.238862826777191,E36:E34,4,nonmatch,1
410,0.109590692459647,0.135929890896059,E36:E34,5,nonmatch,1
411,0.004770738982971,0.085459546752635,E36:E34,6,nonmatch,1
412,0.166462872070137,0.122339567244118,E36:E34,7,nonmatch,1
413,0.075691711467348,0.135332801961573,E36:E34,8,nonmatch,1
414,0.128991293199002,0.147162343115682,E36:E34,9,nonmatch,1
415,0.090401094313585,0.215988937206471,E36:E28,1,nonmatch,1
416,-0.084590231559642,0.134871224150899,E36:E28,2,nonmatch,1
417,-0.204445607935437,0.116774542090605,E36:E28,3,nonmatch,1
418,-0.094088582371249,0.139444954787052,E36:E28,4,nonmatch,1
419,-0.057170614397625,0.25140009679032,E36:E28,5,nonmatch,1
420,0.149458054871355,0.18589242101262,E36:E28,6,nonmatch,1
421,0.092662897538528,0.128454378879331,E36:E28,7,nonmatch,1
422,0.085037115415274,-0.014830983866464,E36:E28,8,nonmatch,1
423,0.311369963776704,0.004007233560137,E36:E28,9,nonmatch,1
424,0.016949299120731,0.127460302821475,E36:E27,1,nonmatch,1
425,0.424920254487434,0.208094543909757,E36:E27,2,nonmatch,1
426,0.382875612559245,0.177891103550505,E36:E27,3,nonmatch,1
427,0.553743388918246,0.229346991346614,E36:E27,4,nonmatch,1
428,0.376698030997647,0.156848332470024,E36:E27,5,nonmatch,1
429,0.060952110430619,0.060305983946925,E36:E27,6,nonmatch,1
430,0.433169947481674,0.028049837237856,E36:E27,7,nonmatch,1
431,0.402089033276029,0.11839212488399,E36:E27,8,nonmatch,1
432,0.464352504164404,0.13212619137968,E36:E27,9,nonmatch,1
433,0.246811018244442,0.113805822223682,E36:E24,1,nonmatch,1
434,0.134432145646367,-0.042195688721172,E36:E24,2,nonmatch,1
435,-0.12368054615095,-0.068525834262757,E36:E24,3,nonmatch,1
436,-0.084638534923192,0.045306272049212,E36:E24,4,nonmatch,1
437,-0.141095992542985,0.075186569354627,E36:E24,5,nonmatch,1
438,-0.037377497123031,0.333930430678354,E36:E24,6,nonmatch,1
439,0.395273472297108,0.485604504208361,E36:E24,7,nonmatch,1
440,0.379739382386204,0.560312702613022,E36:E24,8,nonmatch,1
441,0.473924907365139,0.577939246413294,E36:E24,9,nonmatch,1
442,0.053843234255746,0.175235000806552,E34:E10,1,nonmatch,1
443,0.025353825032599,0.193093930976808,E34:E10,2,nonmatch,1
444,-0.056240463665038,0.285021390201137,E34:E10,3,nonmatch,1
445,-0.052475150738895,0.098402285885146,E34:E10,4,nonmatch,1
446,-0.067484369111186,0.313599518630654,E34:E10,5,nonmatch,1
447,-0.311967626756849,0.165729126440107,E34:E10,6,nonmatch,1
448,-0.24663558741921,0.174631155291566,E34:E10,7,nonmatch,1
449,-0.113166931867902,0.240299910014406,E34:E10,8,nonmatch,1
450,0.201689914880443,0.325323885015041,E34:E10,9,nonmatch,1
451,0.157374742227098,0.188722070448522,E34:T10,1,nonmatch,1
452,0.082561542494443,0.228770061727999,E34:T10,2,nonmatch,1
453,0.539657454995994,0.249487964359546,E34:T10,3,nonmatch,1
454,0.288058347409427,0.240661902470986,E34:T10,4,nonmatch,1
455,0.42339066917202,0.501555775140812,E34:T10,5,nonmatch,1
456,0.216373368624896,0.324039454569532,E34:T10,6,nonmatch,1
457,0.574881324031386,0.410111186997738,E34:T10,7,nonmatch,1
458,0.424742970707941,0.326164200251432,E34:T10,8,nonmatch,1
459,0.493721902753056,0.407504041814624,E34:T10,9,nonmatch,1
460,0.202856827361274,0.106028555489601,E34:E48,1,nonmatch,1
461,0.118603149939674,0.280752275827965,E34:E48,2,nonmatch,1
462,0.23772130096067,0.429739930729385,E34:E48,3,nonmatch,1
463,0.34746044556591,0.254437277596382,E34:E48,4,nonmatch,1
464,0.197313696960611,0.385896966618552,E34:E48,5,nonmatch,1
465,0.041884445720413,0.246849988617593,E34:E48,6,nonmatch,1
466,-0.193428866999451,0.243269789603177,E34:E48,7,nonmatch,1
467,0.103043596050231,0.193232838664167,E34:E48,8,nonmatch,1
468,0.004352325209068,0.113774972457499,E34:E48,9,nonmatch,1
469,0.25925417169134,0.28990220482649,E34:E39,1,nonmatch,1
470,0.018181827609572,0.19451010181256,E34:E39,2,nonmatch,1
471,-0.003640782941564,0.303370285607335,E34:E39,3,nonmatch,1
472,0.255071243045383,0.200655622514568,E34:E39,4,nonmatch,1
473,0.170740317088467,0.247050698733651,E34:E39,5,nonmatch,1
474,0.187243312554634,0.285476295738606,E34:E39,6,nonmatch,1
475,0.228439717258358,0.183347835018181,E34:E39,7,nonmatch,1
476,-0.009378399969281,0.205409090238153,E34:E39,8,nonmatch,1
477,0.318219113188925,0.280062192881722,E34:E39,9,nonmatch,1
478,0.189069588198849,0.266983245895699,E34:E36,1,nonmatch,1
479,0.133762251194687,0.173445662193048,E34:E36,2,nonmatch,1
480,0.031430998592067,0.28376190123876,E34:E36,3,nonmatch,1
481,0.458315344613874,0.02800604648135,E34:E36,4,nonmatch,1
482,0.280680049721689,0.198984694618549,E34:E36,5,nonmatch,1
483,0.061826052621073,0.192466033214516,E34:E36,6,nonmatch,1
484,0.279620247875151,0.120152177469409,E34:E36,7,nonmatch,1
485,0.061185174095809,0.117738453427782,E34:E36,8,nonmatch,1
486,0.173978326028177,0.147741388022655,E34:E36,9,nonmatch,1
487,-0.071046263758314,0.142333924316892,E34:E28,1,nonmatch,1
488,0.114788860439071,0.073977379405983,E34:E28,2,nonmatch,1
489,0.159486207753785,0.224005567978963,E34:E28,3,nonmatch,1
490,-0.234411886674583,0.029375320321049,E34:E28,4,nonmatch,1
491,0.016684818738624,0.336872592227831,E34:E28,5,nonmatch,1
492,0.265742743137914,0.341219324273814,E34:E28,6,nonmatch,1
493,0.029897248500267,0.296175983718932,E34:E28,7,nonmatch,1
494,-0.058910489745665,0.189672474942024,E34:E28,8,nonmatch,1
495,0.268615138415878,0.298736157317764,E34:E28,9,nonmatch,1
496,0.442977222411307,0.430310598498159,E34:E27,1,nonmatch,1
497,0.114781572110695,0.344463150041046,E34:E27,2,nonmatch,1
498,0.120387060349599,0.388003603441425,E34:E27,3,nonmatch,1
499,0.483713869445502,0.389098704559171,E34:E27,4,nonmatch,1
500,0.368989286766185,0.480246549447179,E34:E27,5,nonmatch,1
501,0.133688609699051,0.285524624773826,E34:E27,6,nonmatch,1
502,0.306154409336444,0.368698764336921,E34:E27,7,nonmatch,1
503,0.214026034015004,0.39876941496673,E34:E27,8,nonmatch,1
504,0.484910799875362,0.388986924019212,E34:E27,9,nonmatch,1
505,0.314193945936554,0.308782166630079,E34:E24,1,nonmatch,1
506,0.205595303394395,0.257199164888605,E34:E24,2,nonmatch,1
507,-0.083400924259451,0.04979190757449,E34:E24,3,nonmatch,1
508,-0.268297518186322,-0.014100275617471,E34:E24,4,nonmatch,1
509,-0.004647956460791,0.267749050551703,E34:E24,5,nonmatch,1
510,0.210434138401312,0.285005463206828,E34:E24,6,nonmatch,1
511,0.209826068742681,0.237575457625277,E34:E24,7,nonmatch,1
512,-0.009861134227086,0.136862306735187,E34:E24,8,nonmatch,1
513,0.282371521754514,0.157959527532439,E34:E24,9,nonmatch,1
514,-0.115324753272969,0.381061746044111,E28:E10,1,nonmatch,1
515,0.418741044990443,0.08466716875218,E28:E10,2,nonmatch,1
516,0.290732221587169,0.189685873810459,E28:E10,3,nonmatch,1
517,0.518779985829277,0.28988182042233,E28:E10,4,nonmatch,1
518,0.394414883144659,0.451305594619534,E28:E10,5,nonmatch,1
519,-0.197047773980717,0.147623182531682,E28:E10,6,nonmatch,1
520,0.023791561716369,0.193118609681018,E28:E10,7,nonmatch,1
521,-0.130295759654285,0.194926026819045,E28:E10,8,nonmatch,1
522,0.297938772648313,0.256161757880825,E28:E10,9,nonmatch,1
523,-0.010141958777451,0.124764580547398,E28:T10,1,nonmatch,1
524,-0.005109558890654,0.38114570942599,E28:T10,2,nonmatch,1
525,0.187014781753801,0.297421348616103,E28:T10,3,nonmatch,1
526,0.211818797109281,0.188697867731389,E28:T10,4,nonmatch,1
527,0.035891321706033,0.149032435365718,E28:T10,5,nonmatch,1
528,0.057153405734458,0.124249109214965,E28:T10,6,nonmatch,1
529,0.083194594715476,0.231572879567503,E28:T10,7,nonmatch,1
530,0.083970052439325,0.249719573504902,E28:T10,8,nonmatch,1
531,0.341089025431832,0.288857321333207,E28:T10,9,nonmatch,1
532,0.166128262368584,0.052821640725942,E28:E48,1,nonmatch,1
533,-0.056783752526901,0.169841784292085,E28:E48,2,nonmatch,1
534,-0.27249023977915,0.22989961328973,E28:E48,3,nonmatch,1
535,0.074732099995705,0.172606782683331,E28:E48,4,nonmatch,1
536,0.284811450731816,0.239487483801104,E28:E48,5,nonmatch,1
537,0.482265179384475,0.199903877730272,E28:E48,6,nonmatch,1
538,0.628891893488989,0.284453417380548,E28:E48,7,nonmatch,1
539,0.423530254527995,0.154158631146358,E28:E48,8,nonmatch,1
540,0.150635333248969,0.202061943025631,E28:E48,9,nonmatch,1
541,0.158164341244434,0.107986269001787,E28:E39,1,nonmatch,1
542,0.245806251694987,0.206648141613762,E28:E39,2,nonmatch,1
543,0.078199875936318,0.370873496640103,E28:E39,3,nonmatch,1
544,0.149965281641368,0.406307659478184,E28:E39,4,nonmatch,1
545,-0.053667051870232,0.162800273899972,E28:E39,5,nonmatch,1
546,0.457430226840088,0.290297930996829,E28:E39,6,nonmatch,1
547,0.047627809217747,0.213502445739976,E28:E39,7,nonmatch,1
548,-0.201703733446518,0.116068561397877,E28:E39,8,nonmatch,1
549,0.013364841336731,0.067047651053194,E28:E39,9,nonmatch,1
550,0.194534011035162,0.246620523919963,E28:E36,1,nonmatch,1
551,0.102681320802773,0.154143878496213,E28:E36,2,nonmatch,1
552,-0.108162137186267,0.171240383824069,E28:E36,3,nonmatch,1
553,-0.063672521884002,0.153808524563449,E28:E36,4,nonmatch,1
554,0.033045208714744,0.253018427117559,E28:E36,5,nonmatch,1
555,0.1219247804324,0.225356491503725,E28:E36,6,nonmatch,1
556,0.040634597723387,0.185180646097208,E28:E36,7,nonmatch,1
557,0.066089438475983,0.094980957924885,E28:E36,8,nonmatch,1
558,0.379183008921449,-0.030151416267096,E28:E36,9,nonmatch,1
559,0.048486788296344,0.123393508459331,E28:E34,1,nonmatch,1
560,-0.06767398549884,0.096334356137612,E28:E34,2,nonmatch,1
561,-0.146867164746788,0.242122759265166,E28:E34,3,nonmatch,1
562,-0.040552379046087,0.188427334342601,E28:E34,4,nonmatch,1
563,0.071928465506638,0.22916557148868,E28:E34,5,nonmatch,1
564,0.326958368080933,0.386195526269453,E28:E34,6,nonmatch,1
565,0.134738705182047,0.327130914931797,E28:E34,7,nonmatch,1
566,0.298936315614762,0.262333821510976,E28:E34,8,nonmatch,1
567,0.359072285804361,0.255261351298047,E28:E34,9,nonmatch,1
568,0.09926775526326,0.161166024087164,E28:E27,1,nonmatch,1
569,-0.200187050658135,0.175503292036748,E28:E27,2,nonmatch,1
570,0.030433474428459,0.251336217840313,E28:E27,3,nonmatch,1
571,0.028761783443449,0.186097687813307,E28:E27,4,nonmatch,1
572,-0.258319316572168,0.081852296900582,E28:E27,5,nonmatch,1
573,-0.123291061518016,0.140964605576573,E28:E27,6,nonmatch,1
574,-0.049736463607229,0.192862523230921,E28:E27,7,nonmatch,1
575,0.062051671202842,0.221786117116046,E28:E27,8,nonmatch,1
576,0.427588250425735,0.347205012473125,E28:E27,9,nonmatch,1
577,0.295939085516788,0.097932632730829,E28:E24,1,nonmatch,1
578,0.166017474530406,0.227973138261155,E28:E24,2,nonmatch,1
579,0.362065728619906,0.335435909368932,E28:E24,3,nonmatch,1
580,0.461815468545991,0.057531899315018,E28:E24,4,nonmatch,1
581,0.638544700733633,0.312520309998933,E28:E24,5,nonmatch,1
582,0.493961938670684,0.419641986624101,E28:E24,6,nonmatch,1
583,0.40371002474243,0.201589131005786,E28:E24,7,nonmatch,1
584,0.017938703334581,0.07648177193851,E28:E24,8,nonmatch,1
585,0.060141714279855,0.047025042956615,E28:E24,9,nonmatch,1
586,-0.036620345270722,0.20765491541062,E27:E10,1,nonmatch,1
587,-0.140069138016996,0.219588775771838,E27:E10,2,nonmatch,1
588,0.006202199513848,0.141470321972741,E27:E10,3,nonmatch,1
589,-0.08383858291848,0.076853970197324,E27:E10,4,nonmatch,1
590,-0.255553319863412,0.051519536825035,E27:E10,5,nonmatch,1
591,0.12238153100652,0.200813259282979,E27:E10,6,nonmatch,1
592,0.204775128985145,0.219451174461512,E27:E10,7,nonmatch,1
593,0.264775854852567,0.318192831267842,E27:E10,8,nonmatch,1
594,0.32955586263465,0.392385944907248,E27:E10,9,nonmatch,1
595,0.082787543094568,0.320673675172863,E27:T10,1,nonmatch,1
596,0.10339290204465,0.338407664585977,E27:T10,2,nonmatch,1
597,0.125645616941489,0.249211065637882,E27:T10,3,nonmatch,1
598,0.446289810296095,0.189831468375093,E27:T10,4,nonmatch,1
599,0.322375295568898,0.611031110722784,E27:T10,5,nonmatch,1
600,0.049759051234537,0.580966089203166,E27:T10,6,nonmatch,1
601,0.372987237945195,0.389845222722243,E27:T10,7,nonmatch,1
602,0.553151694266039,0.391672114368748,E27:T10,8,nonmatch,1
603,0.454600582330163,0.408842572735428,E27:T10,9,nonmatch,1
604,0.24592999173305,0.335584848233806,E27:E48,1,nonmatch,1
605,0.416941794313903,0.329112547011018,E27:E48,2,nonmatch,1
606,0.318765493639819,0.356711885723826,E27:E48,3,nonmatch,1
607,0.291942337716027,0.411958939632087,E27:E48,4,nonmatch,1
608,-0.036118410750767,0.481681479883648,E27:E48,5,nonmatch,1
609,-0.065390068353555,0.21259588712207,E27:E48,6,nonmatch,1
610,-0.05116562689361,0.092718139837278,E27:E48,7,nonmatch,1
611,0.064256401266425,-0.012253834693429,E27:E48,8,nonmatch,1
612,-0.129521845459508,0.087869189029578,E27:E48,9,nonmatch,1
613,0.0103812174902,0.191966776909246,E27:E39,1,nonmatch,1
614,0.321168546140787,0.196869181869041,E27:E39,2,nonmatch,1
615,0.24316290338502,0.255423458598085,E27:E39,3,nonmatch,1
616,0.38652213083419,0.190544179692949,E27:E39,4,nonmatch,1
617,0.196058640511244,0.24801636757846,E27:E39,5,nonmatch,1
618,0.245154817783678,0.17365129318045,E27:E39,6,nonmatch,1
619,0.433817446144991,0.041068447876698,E27:E39,7,nonmatch,1
620,0.366778677776854,0.158942813792566,E27:E39,8,nonmatch,1
621,0.340141536727453,0.318553464127025,E27:E39,9,nonmatch,1
622,-0.035162372869258,0.174753340371698,E27:E36,1,nonmatch,1
623,0.390372207421496,0.230138494629784,E27:E36,2,nonmatch,1
624,0.429183648552696,0.103896562320724,E27:E36,3,nonmatch,1
625,0.498282738498716,0.119721088115451,E27:E36,4,nonmatch,1
626,0.292915121911507,0.134748677281662,E27:E36,5,nonmatch,1
627,0.041297650062424,0.126308703015366,E27:E36,6,nonmatch,1
628,0.445316826892518,-0.001557004066691,E27:E36,7,nonmatch,1
629,0.464663426045732,0.091922472417832,E27:E36,8,nonmatch,1
630,0.476076338503043,0.117930651936513,E27:E36,9,nonmatch,1
631,0.282486550512207,0.378553898525891,E27:E34,1,nonmatch,1
632,0.335595657007322,0.367615984217015,E27:E34,2,nonmatch,1
633,0.29613782962243,0.350123636469251,E27:E34,3,nonmatch,1
634,0.414645730226003,0.406784439841782,E27:E34,4,nonmatch,1
635,0.361533061309145,0.432349620148574,E27:E34,5,nonmatch,1
636,0.19445651456385,0.247267994425721,E27:E34,6,nonmatch,1
637,0.261975496637111,0.3736917706551,E27:E34,7,nonmatch,1
638,0.283454031617543,0.285676709379325,E27:E34,8,nonmatch,1
639,0.598729138948875,0.3945417715572,E27:E34,9,nonmatch,1
640,-0.03039486298396,0.185357343617998,E27:E28,1,nonmatch,1
641,-0.306264367059142,0.187969713937454,E27:E28,2,nonmatch,1
642,-0.163249987013227,0.261975298555271,E27:E28,3,nonmatch,1
643,-0.15902895092278,0.154563195155514,E27:E28,4,nonmatch,1
644,-0.151856693998323,0.236494332720152,E27:E28,5,nonmatch,1
645,-0.187467988790209,0.200122381934957,E27:E28,6,nonmatch,1
646,0.011864846360602,0.195254077274107,E27:E28,7,nonmatch,1
647,0.136290372024744,0.214580425808539,E27:E28,8,nonmatch,1
648,0.494074201652504,0.302690143507792,E27:E28,9,nonmatch,1
649,0.333383014189257,0.401792586103171,E27:E24,1,nonmatch,1
650,0.325270186950018,0.225013142007701,E27:E24,2,nonmatch,1
651,0.338081208197871,0.094085377696796,E27:E24,3,nonmatch,1
652,0.064148360913157,0.173177102294285,E27:E24,4,nonmatch,1
653,-0.149255185615759,0.255050573357026,E27:E24,5,nonmatch,1
654,-0.25006221921886,0.061383908862087,E27:E24,6,nonmatch,1
655,0.089827834394384,0.143063017289009,E27:E24,7,nonmatch,1
656,-0.091836419961213,0.022215361321313,E27:E24,8,nonmatch,1
657,0.053434464410684,0.069969004635473,E27:E24,9,nonmatch,1
658,-0.050379540311227,0.086856995404465,E24:E10,1,nonmatch,1
659,0.044423141464522,0.007304358449086,E24:E10,2,nonmatch,1
660,0.34834083671633,0.075486946354397,E24:E10,3,nonmatch,1
661,0.305613457567942,0.264624931466388,E24:E10,4,nonmatch,1
662,0.362551072390875,0.262762355184517,E24:E10,5,nonmatch,1
663,-0.160971062614642,0.063630055322187,E24:E10,6,nonmatch,1
664,0.00379555728278,-0.003227021960254,E24:E10,7,nonmatch,1
665,0.045128452352871,0.083444666184772,E24:E10,8,nonmatch,1
666,0.185632815410675,0.059967110522905,E24:E10,9,nonmatch,1
667,0.316487396352782,0.31830435759671,E24:T10,1,nonmatch,1
668,0.291888371407808,0.109339446880937,E24:T10,2,nonmatch,1
669,0.17504891478835,0.140572676983723,E24:T10,3,nonmatch,1
670,0.288878150217147,0.149493534799043,E24:T10,4,nonmatch,1
671,-0.020005914266175,0.116384041420195,E24:T10,5,nonmatch,1
672,0.036610718475214,0.060375489964793,E24:T10,6,nonmatch,1
673,0.136586328731257,0.125307515672988,E24:T10,7,nonmatch,1
674,-0.069498509289275,0.051787573955135,E24:T10,8,nonmatch,1
675,-0.206267142942842,0.175393035274637,E24:T10,9,nonmatch,1
676,0.089237202903033,0.224686889937783,E24:E48,1,nonmatch,1
677,0.239538303886245,0.113520757814989,E24:E48,2,nonmatch,1
678,-0.14382244073073,0.072947158929415,E24:E48,3,nonmatch,1
679,0.058037243142992,0.134407065067278,E24:E48,4,nonmatch,1
680,0.213843937077614,0.168518158848614,E24:E48,5,nonmatch,1
681,0.323610282441134,0.029754838854078,E24:E48,6,nonmatch,1
682,0.292619384498581,0.134606004871029,E24:E48,7,nonmatch,1
683,0.218182683755999,0.064787379778911,E24:E48,8,nonmatch,1
684,0.33852847919732,0.199228428957979,E24:E48,9,nonmatch,1
685,-0.014249128154077,0.167645266461571,E24:E39,1,nonmatch,1
686,0.214853851879034,0.087337151262822,E24:E39,2,nonmatch,1
687,-0.020624681890527,0.088969633183571,E24:E39,3,nonmatch,1
688,0.112238993251983,0.119429998430992,E24:E39,4,nonmatch,1
689,-0.096659257302513,0.13041975580389,E24:E39,5,nonmatch,1
690,0.202629811815809,0.282600878165622,E24:E39,6,nonmatch,1
691,0.324343185307924,0.307476702941194,E24:E39,7,nonmatch,1
692,0.374799965542256,0.346404014653568,E24:E39,8,nonmatch,1
693,0.429472374920565,0.426704569169278,E24:E39,9,nonmatch,1
694,0.300956868236105,0.106294738933364,E24:E36,1,nonmatch,1
695,0.152049149525217,-0.13206337726721,E24:E36,2,nonmatch,1
696,-0.175721766790635,-0.060144440722226,E24:E36,3,nonmatch,1
697,-0.168309817153168,0.081141085511578,E24:E36,4,nonmatch,1
698,-0.182920012769925,0.246438351968859,E24:E36,5,nonmatch,1
699,0.010017717785921,0.280392631523216,E24:E36,6,nonmatch,1
700,0.357030939167744,0.370740562765647,E24:E36,7,nonmatch,1
701,0.38471560859876,0.471779985574523,E24:E36,8,nonmatch,1
702,0.391450094420018,0.400705982684205,E24:E36,9,nonmatch,1
703,0.373137842170496,0.28281614149141,E24:E34,1,nonmatch,1
704,0.059976623109775,0.238159841095638,E24:E34,2,nonmatch,1
705,-0.177603761539144,0.062951361192751,E24:E34,3,nonmatch,1
706,-0.213098001284927,0.018112650091807,E24:E34,4,nonmatch,1
707,0.082666523456084,0.134573112137461,E24:E34,5,nonmatch,1
708,0.174363278732343,0.288110723545565,E24:E34,6,nonmatch,1
709,0.259128684125867,0.269143003382146,E24:E34,7,nonmatch,1
710,0.083120970706821,0.238721997705898,E24:E34,8,nonmatch,1
711,0.088397499795643,0.16191949947947,E24:E34,9,nonmatch,1
712,0.231232600229968,0.140874717121916,E24:E28,1,nonmatch,1
713,0.019543749355232,0.236838101075502,E24:E28,2,nonmatch,1
714,0.344302324210041,0.198593275541013,E24:E28,3,nonmatch,1
715,0.472421800079467,0.046564436924758,E24:E28,4,nonmatch,1
716,0.534001393859955,0.25878272534079,E24:E28,5,nonmatch,1
717,0.474542900194717,0.414825968207003,E24:E28,6,nonmatch,1
718,0.225396961240052,0.135119928782136,E24:E28,7,nonmatch,1
719,0.064820071314842,-0.04814878336596,E24:E28,8,nonmatch,1
720,-0.103824946290205,0.021091620716711,E24:E28,9,nonmatch,1
721,0.322372629434114,0.42438677844646,E24:E27,1,nonmatch,1
722,0.199028330898871,0.280323091071453,E24:E27,2,nonmatch,1
723,0.305666417093506,0.161526711566682,E24:E27,3,nonmatch,1
724,0.08803825135348,0.130010474419065,E24:E27,4,nonmatch,1
725,-0.109843521198823,0.25460234549915,E24:E27,5,nonmatch,1
726,-0.142954520200312,0.120690885963942,E24:E27,6,nonmatch,1
727,-0.017199940279773,0.172114933271626,E24:E27,7,nonmatch,1
728,-0.176631154490966,0.079297697240757,E24:E27,8,nonmatch,1
729,-0.0210714478354,0.154345889660755,E24:E27,9,nonmatch,1
